{
    "data": {
        "id": "103.249.113.136",
        "type": "ip_address",
        "links": {
            "self": "https://www.virustotal.com/api/v3/ip_addresses/103.249.113.136"
        },
        "attributes": {
            "last_modification_date": 1730474312,
            "whois": "inetnum: 103.249.113.0 - 103.249.113.255\nnetname: scalewithus\ndescr: SCALEWITHUS\ncountry: IN\nadmin-c: SIA49-AP\ntech-c: SIA49-AP\nabuse-c: AS3630-AP\nstatus: ASSIGNED NON-PORTABLE\nmnt-by: MAINT-SCALEWITHUSINDIA-IN\nmnt-irt: IRT-SCALEWITHUSINDIA-IN\nlast-modified: 2024-03-08T19:36:24Z\nsource: APNIC\nirt: IRT-SCALEWITHUSINDIA-IN\naddress: Saktigarh, Bongaon, North 24 Parganas, West Bengal, India, Bongaon West Bengal 743235\ne-mail: abuse@scalewithus.com\nabuse-mailbox: abuse@scalewithus.com\nadmin-c: SIA49-AP\ntech-c: SIA49-AP\nauth: # Filtered\nremarks: abuse@scalewithus.com was validated on 2024-05-10\nmnt-by: MAINT-SCALEWITHUSINDIA-IN\nlast-modified: 2024-05-10T08:39:56Z\nsource: APNIC\nrole: ABUSE SCALEWITHUSINDIAIN\naddress: Saktigarh, Bongaon, North 24 Parganas, West Bengal, India, Bongaon West Bengal 743235\ncountry: ZZ\nphone: +000000000\ne-mail: abuse@scalewithus.com\nadmin-c: SIA49-AP\ntech-c: SIA49-AP\nnic-hdl: AS3630-AP\nremarks: Generated from irt object IRT-SCALEWITHUSINDIA-IN\nremarks: abuse@scalewithus.com was validated on 2024-05-10\nabuse-mailbox: abuse@scalewithus.com\nmnt-by: APNIC-ABUSE\nlast-modified: 2024-05-10T08:40:21Z\nsource: APNIC\nrole: Scalewithus India administrator\naddress: Saktigarh, Bongaon, North 24 Parganas, West Bengal, India, Bongaon West Bengal 743235\ncountry: IN\nphone: +91-887-887-0188\ne-mail: abuse@scalewithus.com\nadmin-c: SIA49-AP\ntech-c: SIA49-AP\nnic-hdl: SIA49-AP\nmnt-by: MAINT-SCALEWITHUSINDIA-IN\nlast-modified: 2023-10-05T12:31:36Z\nsource: APNIC\nroute: 103.249.113.0/24\norigin: AS151845\ndescr: Scalewithus India\n Saktigarh, Bongaon\n North 24 Parganas, West Bengal, India\nmnt-by: MAINT-SCALEWITHUSINDIA-IN\nlast-modified: 2023-10-06T13:42:11Z\nsource: APNIC\n",
            "asn": 151845,
            "total_votes": {
                "harmless": 0,
                "malicious": 0
            },
            "regional_internet_registry": "APNIC",
            "network": "103.249.112.0/23",
            "continent": "AS",
            "reputation": 0,
            "whois_date": 1730474311,
            "as_owner": "Scalewithus India",
            "last_analysis_stats": {
                "malicious": 0,
                "suspicious": 0,
                "undetected": 94,
                "harmless": 0,
                "timeout": 0
            },
            "last_analysis_results": {
                "Acronis": {
                    "method": "blacklist",
                    "engine_name": "Acronis",
                    "category": "undetected",
                    "result": "unrated"
                },
                "0xSI_f33d": {
                    "method": "blacklist",
                    "engine_name": "0xSI_f33d",
                    "category": "undetected",
                    "result": "unrated"
                },
                "Abusix": {
                    "method": "blacklist",
                    "engine_name": "Abusix",
                    "category": "undetected",
                    "result": "unrated"
                },
                "ADMINUSLabs": {
                    "method": "blacklist",
                    "engine_name": "ADMINUSLabs",
                    "category": "undetected",
                    "result": "unrated"
                },
                "Axur": {
                    "method": "blacklist",
                    "engine_name": "Axur",
                    "category": "undetected",
                    "result": "unrated"
                },
                "Criminal IP": {
                    "method": "blacklist",
                    "engine_name": "Criminal IP",
                    "category": "undetected",
                    "result": "unrated"
                },
                "AILabs (MONITORAPP)": {
                    "method": "blacklist",
                    "engine_name": "AILabs (MONITORAPP)",
                    "category": "undetected",
                    "result": "unrated"
                },
                "AlienVault": {
                    "method": "blacklist",
                    "engine_name": "AlienVault",
                    "category": "undetected",
                    "result": "unrated"
                },
                "alphaMountain.ai": {
                    "method": "blacklist",
                    "engine_name": "alphaMountain.ai",
                    "category": "undetected",
                    "result": "unrated"
                },
                "AlphaSOC": {
                    "method": "blacklist",
                    "engine_name": "AlphaSOC",
                    "category": "undetected",
                    "result": "unrated"
                },
                "Antiy-AVL": {
                    "method": "blacklist",
                    "engine_name": "Antiy-AVL",
                    "category": "undetected",
                    "result": "unrated"
                },
                "ArcSight Threat Intelligence": {
                    "method": "blacklist",
                    "engine_name": "ArcSight Threat Intelligence",
                    "category": "undetected",
                    "result": "unrated"
                },
                "AutoShun": {
                    "method": "blacklist",
                    "engine_name": "AutoShun",
                    "category": "undetected",
                    "result": "unrated"
                },
                "benkow.cc": {
                    "method": "blacklist",
                    "engine_name": "benkow.cc",
                    "category": "undetected",
                    "result": "unrated"
                },
                "Bfore.Ai PreCrime": {
                    "method": "blacklist",
                    "engine_name": "Bfore.Ai PreCrime",
                    "category": "undetected",
                    "result": "unrated"
                },
                "BitDefender": {
                    "method": "blacklist",
                    "engine_name": "BitDefender",
                    "category": "undetected",
                    "result": "unrated"
                },
                "Bkav": {
                    "method": "blacklist",
                    "engine_name": "Bkav",
                    "category": "undetected",
                    "result": "unrated"
                },
                "Blueliv": {
                    "method": "blacklist",
                    "engine_name": "Blueliv",
                    "category": "undetected",
                    "result": "unrated"
                },
                "Certego": {
                    "method": "blacklist",
                    "engine_name": "Certego",
                    "category": "undetected",
                    "result": "unrated"
                },
                "Chong Lua Dao": {
                    "method": "blacklist",
                    "engine_name": "Chong Lua Dao",
                    "category": "undetected",
                    "result": "unrated"
                },
                "CINS Army": {
                    "method": "blacklist",
                    "engine_name": "CINS Army",
                    "category": "undetected",
                    "result": "unrated"
                },
                "Cluster25": {
                    "method": "blacklist",
                    "engine_name": "Cluster25",
                    "category": "undetected",
                    "result": "unrated"
                },
                "CRDF": {
                    "method": "blacklist",
                    "engine_name": "CRDF",
                    "category": "undetected",
                    "result": "unrated"
                },
                "CSIS Security Group": {
                    "method": "blacklist",
                    "engine_name": "CSIS Security Group",
                    "category": "undetected",
                    "result": "unrated"
                },
                "Snort IP sample list": {
                    "method": "blacklist",
                    "engine_name": "Snort IP sample list",
                    "category": "undetected",
                    "result": "unrated"
                },
                "CMC Threat Intelligence": {
                    "method": "blacklist",
                    "engine_name": "CMC Threat Intelligence",
                    "category": "undetected",
                    "result": "unrated"
                },
                "Cyan": {
                    "method": "blacklist",
                    "engine_name": "Cyan",
                    "category": "undetected",
                    "result": "unrated"
                },
                "Cyble": {
                    "method": "blacklist",
                    "engine_name": "Cyble",
                    "category": "undetected",
                    "result": "unrated"
                },
                "CyRadar": {
                    "method": "blacklist",
                    "engine_name": "CyRadar",
                    "category": "undetected",
                    "result": "unrated"
                },
                "DNS8": {
                    "method": "blacklist",
                    "engine_name": "DNS8",
                    "category": "undetected",
                    "result": "unrated"
                },
                "Dr.Web": {
                    "method": "blacklist",
                    "engine_name": "Dr.Web",
                    "category": "undetected",
                    "result": "unrated"
                },
                "Ermes": {
                    "method": "blacklist",
                    "engine_name": "Ermes",
                    "category": "undetected",
                    "result": "unrated"
                },
                "ESET": {
                    "method": "blacklist",
                    "engine_name": "ESET",
                    "category": "undetected",
                    "result": "unrated"
                },
                "ESTsecurity": {
                    "method": "blacklist",
                    "engine_name": "ESTsecurity",
                    "category": "undetected",
                    "result": "unrated"
                },
                "EmergingThreats": {
                    "method": "blacklist",
                    "engine_name": "EmergingThreats",
                    "category": "undetected",
                    "result": "unrated"
                },
                "Emsisoft": {
                    "method": "blacklist",
                    "engine_name": "Emsisoft",
                    "category": "undetected",
                    "result": "unrated"
                },
                "Forcepoint ThreatSeeker": {
                    "method": "blacklist",
                    "engine_name": "Forcepoint ThreatSeeker",
                    "category": "undetected",
                    "result": "unrated"
                },
                "Fortinet": {
                    "method": "blacklist",
                    "engine_name": "Fortinet",
                    "category": "undetected",
                    "result": "unrated"
                },
                "G-Data": {
                    "method": "blacklist",
                    "engine_name": "G-Data",
                    "category": "undetected",
                    "result": "unrated"
                },
                "GCP Abuse Intelligence": {
                    "method": "blacklist",
                    "engine_name": "GCP Abuse Intelligence",
                    "category": "undetected",
                    "result": "unrated"
                },
                "Google Safebrowsing": {
                    "method": "blacklist",
                    "engine_name": "Google Safebrowsing",
                    "category": "undetected",
                    "result": "unrated"
                },
                "GreenSnow": {
                    "method": "blacklist",
                    "engine_name": "GreenSnow",
                    "category": "undetected",
                    "result": "unrated"
                },
                "Gridinsoft": {
                    "method": "blacklist",
                    "engine_name": "Gridinsoft",
                    "category": "undetected",
                    "result": "unrated"
                },
                "Heimdal Security": {
                    "method": "blacklist",
                    "engine_name": "Heimdal Security",
                    "category": "undetected",
                    "result": "unrated"
                },
                "Hunt.io Intelligence": {
                    "method": "blacklist",
                    "engine_name": "Hunt.io Intelligence",
                    "category": "undetected",
                    "result": "unrated"
                },
                "IPsum": {
                    "method": "blacklist",
                    "engine_name": "IPsum",
                    "category": "undetected",
                    "result": "unrated"
                },
                "Juniper Networks": {
                    "method": "blacklist",
                    "engine_name": "Juniper Networks",
                    "category": "undetected",
                    "result": "unrated"
                },
                "Kaspersky": {
                    "method": "blacklist",
                    "engine_name": "Kaspersky",
                    "category": "undetected",
                    "result": "unrated"
                },
                "Lionic": {
                    "method": "blacklist",
                    "engine_name": "Lionic",
                    "category": "undetected",
                    "result": "unrated"
                },
                "Lumu": {
                    "method": "blacklist",
                    "engine_name": "Lumu",
                    "category": "undetected",
                    "result": "unrated"
                },
                "MalwarePatrol": {
                    "method": "blacklist",
                    "engine_name": "MalwarePatrol",
                    "category": "undetected",
                    "result": "unrated"
                },
                "MalwareURL": {
                    "method": "blacklist",
                    "engine_name": "MalwareURL",
                    "category": "undetected",
                    "result": "unrated"
                },
                "Malwared": {
                    "method": "blacklist",
                    "engine_name": "Malwared",
                    "category": "undetected",
                    "result": "unrated"
                },
                "Netcraft": {
                    "method": "blacklist",
                    "engine_name": "Netcraft",
                    "category": "undetected",
                    "result": "unrated"
                },
                "OpenPhish": {
                    "method": "blacklist",
                    "engine_name": "OpenPhish",
                    "category": "undetected",
                    "result": "unrated"
                },
                "Phishing Database": {
                    "method": "blacklist",
                    "engine_name": "Phishing Database",
                    "category": "undetected",
                    "result": "unrated"
                },
                "PhishFort": {
                    "method": "blacklist",
                    "engine_name": "PhishFort",
                    "category": "undetected",
                    "result": "unrated"
                },
                "PhishLabs": {
                    "method": "blacklist",
                    "engine_name": "PhishLabs",
                    "category": "undetected",
                    "result": "unrated"
                },
                "Phishtank": {
                    "method": "blacklist",
                    "engine_name": "Phishtank",
                    "category": "undetected",
                    "result": "unrated"
                },
                "PREBYTES": {
                    "method": "blacklist",
                    "engine_name": "PREBYTES",
                    "category": "undetected",
                    "result": "unrated"
                },
                "PrecisionSec": {
                    "method": "blacklist",
                    "engine_name": "PrecisionSec",
                    "category": "undetected",
                    "result": "unrated"
                },
                "Quick Heal": {
                    "method": "blacklist",
                    "engine_name": "Quick Heal",
                    "category": "undetected",
                    "result": "unrated"
                },
                "Quttera": {
                    "method": "blacklist",
                    "engine_name": "Quttera",
                    "category": "undetected",
                    "result": "unrated"
                },
                "SafeToOpen": {
                    "method": "blacklist",
                    "engine_name": "SafeToOpen",
                    "category": "undetected",
                    "result": "unrated"
                },
                "Sansec eComscan": {
                    "method": "blacklist",
                    "engine_name": "Sansec eComscan",
                    "category": "undetected",
                    "result": "unrated"
                },
                "Scantitan": {
                    "method": "blacklist",
                    "engine_name": "Scantitan",
                    "category": "undetected",
                    "result": "unrated"
                },
                "SCUMWARE.org": {
                    "method": "blacklist",
                    "engine_name": "SCUMWARE.org",
                    "category": "undetected",
                    "result": "unrated"
                },
                "Seclookup": {
                    "method": "blacklist",
                    "engine_name": "Seclookup",
                    "category": "undetected",
                    "result": "unrated"
                },
                "SecureBrain": {
                    "method": "blacklist",
                    "engine_name": "SecureBrain",
                    "category": "undetected",
                    "result": "unrated"
                },
                "Segasec": {
                    "method": "blacklist",
                    "engine_name": "Segasec",
                    "category": "undetected",
                    "result": "unrated"
                },
                "SOCRadar": {
                    "method": "blacklist",
                    "engine_name": "SOCRadar",
                    "category": "undetected",
                    "result": "unrated"
                },
                "Sophos": {
                    "method": "blacklist",
                    "engine_name": "Sophos",
                    "category": "undetected",
                    "result": "unrated"
                },
                "Spam404": {
                    "method": "blacklist",
                    "engine_name": "Spam404",
                    "category": "undetected",
                    "result": "unrated"
                },
                "StopForumSpam": {
                    "method": "blacklist",
                    "engine_name": "StopForumSpam",
                    "category": "undetected",
                    "result": "unrated"
                },
                "Sucuri SiteCheck": {
                    "method": "blacklist",
                    "engine_name": "Sucuri SiteCheck",
                    "category": "undetected",
                    "result": "unrated"
                },
                "ThreatHive": {
                    "method": "blacklist",
                    "engine_name": "ThreatHive",
                    "category": "undetected",
                    "result": "unrated"
                },
                "Threatsourcing": {
                    "method": "blacklist",
                    "engine_name": "Threatsourcing",
                    "category": "undetected",
                    "result": "unrated"
                },
                "Trustwave": {
                    "method": "blacklist",
                    "engine_name": "Trustwave",
                    "category": "undetected",
                    "result": "unrated"
                },
                "Underworld": {
                    "method": "blacklist",
                    "engine_name": "Underworld",
                    "category": "undetected",
                    "result": "unrated"
                },
                "URLhaus": {
                    "method": "blacklist",
                    "engine_name": "URLhaus",
                    "category": "undetected",
                    "result": "unrated"
                },
                "URLQuery": {
                    "method": "blacklist",
                    "engine_name": "URLQuery",
                    "category": "undetected",
                    "result": "unrated"
                },
                "Viettel Threat Intelligence": {
                    "method": "blacklist",
                    "engine_name": "Viettel Threat Intelligence",
                    "category": "undetected",
                    "result": "unrated"
                },
                "VIPRE": {
                    "method": "blacklist",
                    "engine_name": "VIPRE",
                    "category": "undetected",
                    "result": "unrated"
                },
                "VX Vault": {
                    "method": "blacklist",
                    "engine_name": "VX Vault",
                    "category": "undetected",
                    "result": "unrated"
                },
                "ViriBack": {
                    "method": "blacklist",
                    "engine_name": "ViriBack",
                    "category": "undetected",
                    "result": "unrated"
                },
                "Webroot": {
                    "method": "blacklist",
                    "engine_name": "Webroot",
                    "category": "undetected",
                    "result": "unrated"
                },
                "Yandex Safebrowsing": {
                    "method": "blacklist",
                    "engine_name": "Yandex Safebrowsing",
                    "category": "undetected",
                    "result": "unrated"
                },
                "ZeroCERT": {
                    "method": "blacklist",
                    "engine_name": "ZeroCERT",
                    "category": "undetected",
                    "result": "unrated"
                },
                "desenmascara.me": {
                    "method": "blacklist",
                    "engine_name": "desenmascara.me",
                    "category": "undetected",
                    "result": "unrated"
                },
                "malwares.com URL checker": {
                    "method": "blacklist",
                    "engine_name": "malwares.com URL checker",
                    "category": "undetected",
                    "result": "unrated"
                },
                "securolytics": {
                    "method": "blacklist",
                    "engine_name": "securolytics",
                    "category": "undetected",
                    "result": "unrated"
                },
                "Xcitium Verdict Cloud": {
                    "method": "blacklist",
                    "engine_name": "Xcitium Verdict Cloud",
                    "category": "undetected",
                    "result": "unrated"
                },
                "zvelo": {
                    "method": "blacklist",
                    "engine_name": "zvelo",
                    "category": "undetected",
                    "result": "unrated"
                },
                "ZeroFox": {
                    "method": "blacklist",
                    "engine_name": "ZeroFox",
                    "category": "undetected",
                    "result": "unrated"
                }
            },
            "country": "IN",
            "tags": [],
            "last_analysis_date": 1730474280
        }
    }
}