{
    "data": {
        "id": "170.205.29.41",
        "type": "ip_address",
        "links": {
            "self": "https://www.virustotal.com/api/v3/ip_addresses/170.205.29.41"
        },
        "attributes": {
            "whois": "inetnum: 170.0.0.0 - 170.255.255.255\nnetname: ERX-NETBLOCK\ndescr: Early registration addresses\nremarks: ------------------------------------------------------\nremarks: Important:\nremarks:\nremarks: Networks in this range were allocated by InterNIC\nremarks: prior to the formation of Regional Internet\nremarks: Registries (RIRs): AfriNIC, APNIC, ARIN, LACNIC and RIPE NCC.\nremarks:\nremarks: Address ranges from this historical space have now\nremarks: been transferred to the appropriate RIR database.remarks:\nremarks: If your search has returned this record, it means the\nremarks: address range is not administered by APNIC.\nremarks:\nremarks: Instead, please search one of the following databases:\nremarks:\nremarks: - AfriNIC (Africa)\nremarks: website: http://www.afrinic.net/\nremarks: command line: whois.afrinic.net\nremarks:\nremarks: - ARIN (Northern America)\nremarks: website: http://www.arin.net/\nremarks: command line: whois.arin.net\nremarks:\nremarks: - LACNIC (Latin America and the Carribean)\nremarks: website: http://www.lacnic.net/\nremarks: command line: whois.lacnic.net\nremarks:\nremarks: - RIPE NCC (Europe)\nremarks: website: http://www.ripe.net/\nremarks: command line: whois.ripe.net\nremarks:\nremarks: For information on the Early Registration Transfer\nremarks: (ERX) project, see:\nremarks:\nremarks: http://www.apnic.net/db/erx\nremarks:\nremarks: ------------------------------------------------------\ncountry: AU\nadmin-c: IANA1-AP\ntech-c: IANA1-AP\nmnt-by: APNIC-HM\nmnt-lower: APNIC-HM\nstatus: ALLOCATED PORTABLE\nlast-modified: 2015-08-28T00:31:44Z\nsource: APNIC\nmnt-irt: IRT-APNIC-AP\nirt: IRT-APNIC-AP\naddress: Brisbane, Australia\ne-mail: helpdesk@apnic.net\nabuse-mailbox: helpdesk@apnic.net\nadmin-c: HM20-AP\ntech-c: NO4-AP\nauth: # Filtered\nremarks: APNIC is a Regional Internet Registry.\nremarks: We do not operate the referring network and\nremarks: are unable to investigate complaints of network abuse.\nremarks: For information about IRT, see www.apnic.net/irt\nremarks: helpdesk@apnic.net was validated on 2020-02-03\nmnt-by: APNIC-HM\nlast-modified: 2023-08-18T00:42:38Z\nsource: APNIC\nrole: Internet Assigned Numbers Authority\naddress: see http://www.iana.org.\nadmin-c: IANA1-AP\ntech-c: IANA1-AP\nnic-hdl: IANA1-AP\nremarks: For more information on IANA services\nremarks: go to IANA web site at http://www.iana.org.\nmnt-by: MAINT-APNIC-AP\nlast-modified: 2018-06-22T22:34:30Z\nsource: APNIC\n",
            "continent": "AS",
            "last_analysis_date": 1738534277,
            "network": "170.205.28.0/22",
            "country": "JP",
            "regional_internet_registry": "APNIC",
            "whois_date": 1737412696,
            "as_owner": "Advin Services LLC",
            "reputation": 0,
            "last_modification_date": 1738688489,
            "last_analysis_results": {
                "Acronis": {
                    "method": "blacklist",
                    "engine_name": "Acronis",
                    "category": "harmless",
                    "result": "clean"
                },
                "0xSI_f33d": {
                    "method": "blacklist",
                    "engine_name": "0xSI_f33d",
                    "category": "undetected",
                    "result": "unrated"
                },
                "Abusix": {
                    "method": "blacklist",
                    "engine_name": "Abusix",
                    "category": "harmless",
                    "result": "clean"
                },
                "ADMINUSLabs": {
                    "method": "blacklist",
                    "engine_name": "ADMINUSLabs",
                    "category": "harmless",
                    "result": "clean"
                },
                "Axur": {
                    "method": "blacklist",
                    "engine_name": "Axur",
                    "category": "undetected",
                    "result": "unrated"
                },
                "Criminal IP": {
                    "method": "blacklist",
                    "engine_name": "Criminal IP",
                    "category": "harmless",
                    "result": "clean"
                },
                "AILabs (MONITORAPP)": {
                    "method": "blacklist",
                    "engine_name": "AILabs (MONITORAPP)",
                    "category": "harmless",
                    "result": "clean"
                },
                "AlienVault": {
                    "method": "blacklist",
                    "engine_name": "AlienVault",
                    "category": "harmless",
                    "result": "clean"
                },
                "alphaMountain.ai": {
                    "method": "blacklist",
                    "engine_name": "alphaMountain.ai",
                    "category": "suspicious",
                    "result": "suspicious"
                },
                "AlphaSOC": {
                    "method": "blacklist",
                    "engine_name": "AlphaSOC",
                    "category": "suspicious",
                    "result": "suspicious"
                },
                "Antiy-AVL": {
                    "method": "blacklist",
                    "engine_name": "Antiy-AVL",
                    "category": "harmless",
                    "result": "clean"
                },
                "ArcSight Threat Intelligence": {
                    "method": "blacklist",
                    "engine_name": "ArcSight Threat Intelligence",
                    "category": "undetected",
                    "result": "unrated"
                },
                "AutoShun": {
                    "method": "blacklist",
                    "engine_name": "AutoShun",
                    "category": "undetected",
                    "result": "unrated"
                },
                "benkow.cc": {
                    "method": "blacklist",
                    "engine_name": "benkow.cc",
                    "category": "harmless",
                    "result": "clean"
                },
                "Bfore.Ai PreCrime": {
                    "method": "blacklist",
                    "engine_name": "Bfore.Ai PreCrime",
                    "category": "undetected",
                    "result": "unrated"
                },
                "BitDefender": {
                    "method": "blacklist",
                    "engine_name": "BitDefender",
                    "category": "harmless",
                    "result": "clean"
                },
                "Bkav": {
                    "method": "blacklist",
                    "engine_name": "Bkav",
                    "category": "undetected",
                    "result": "unrated"
                },
                "Blueliv": {
                    "method": "blacklist",
                    "engine_name": "Blueliv",
                    "category": "harmless",
                    "result": "clean"
                },
                "Certego": {
                    "method": "blacklist",
                    "engine_name": "Certego",
                    "category": "harmless",
                    "result": "clean"
                },
                "Chong Lua Dao": {
                    "method": "blacklist",
                    "engine_name": "Chong Lua Dao",
                    "category": "harmless",
                    "result": "clean"
                },
                "CINS Army": {
                    "method": "blacklist",
                    "engine_name": "CINS Army",
                    "category": "harmless",
                    "result": "clean"
                },
                "Cluster25": {
                    "method": "blacklist",
                    "engine_name": "Cluster25",
                    "category": "undetected",
                    "result": "unrated"
                },
                "CRDF": {
                    "method": "blacklist",
                    "engine_name": "CRDF",
                    "category": "harmless",
                    "result": "clean"
                },
                "CSIS Security Group": {
                    "method": "blacklist",
                    "engine_name": "CSIS Security Group",
                    "category": "undetected",
                    "result": "unrated"
                },
                "Snort IP sample list": {
                    "method": "blacklist",
                    "engine_name": "Snort IP sample list",
                    "category": "harmless",
                    "result": "clean"
                },
                "CMC Threat Intelligence": {
                    "method": "blacklist",
                    "engine_name": "CMC Threat Intelligence",
                    "category": "harmless",
                    "result": "clean"
                },
                "Cyan": {
                    "method": "blacklist",
                    "engine_name": "Cyan",
                    "category": "undetected",
                    "result": "unrated"
                },
                "Cyble": {
                    "method": "blacklist",
                    "engine_name": "Cyble",
                    "category": "malicious",
                    "result": "malicious"
                },
                "CyRadar": {
                    "method": "blacklist",
                    "engine_name": "CyRadar",
                    "category": "malicious",
                    "result": "malware"
                },
                "DNS8": {
                    "method": "blacklist",
                    "engine_name": "DNS8",
                    "category": "harmless",
                    "result": "clean"
                },
                "Dr.Web": {
                    "method": "blacklist",
                    "engine_name": "Dr.Web",
                    "category": "harmless",
                    "result": "clean"
                },
                "Ermes": {
                    "method": "blacklist",
                    "engine_name": "Ermes",
                    "category": "undetected",
                    "result": "unrated"
                },
                "ESET": {
                    "method": "blacklist",
                    "engine_name": "ESET",
                    "category": "harmless",
                    "result": "clean"
                },
                "ESTsecurity": {
                    "method": "blacklist",
                    "engine_name": "ESTsecurity",
                    "category": "harmless",
                    "result": "clean"
                },
                "EmergingThreats": {
                    "method": "blacklist",
                    "engine_name": "EmergingThreats",
                    "category": "harmless",
                    "result": "clean"
                },
                "Emsisoft": {
                    "method": "blacklist",
                    "engine_name": "Emsisoft",
                    "category": "harmless",
                    "result": "clean"
                },
                "Forcepoint ThreatSeeker": {
                    "method": "blacklist",
                    "engine_name": "Forcepoint ThreatSeeker",
                    "category": "undetected",
                    "result": "unrated"
                },
                "Fortinet": {
                    "method": "blacklist",
                    "engine_name": "Fortinet",
                    "category": "malicious",
                    "result": "malware"
                },
                "G-Data": {
                    "method": "blacklist",
                    "engine_name": "G-Data",
                    "category": "harmless",
                    "result": "clean"
                },
                "GCP Abuse Intelligence": {
                    "method": "blacklist",
                    "engine_name": "GCP Abuse Intelligence",
                    "category": "undetected",
                    "result": "unrated"
                },
                "Google Safebrowsing": {
                    "method": "blacklist",
                    "engine_name": "Google Safebrowsing",
                    "category": "harmless",
                    "result": "clean"
                },
                "GreenSnow": {
                    "method": "blacklist",
                    "engine_name": "GreenSnow",
                    "category": "harmless",
                    "result": "clean"
                },
                "Gridinsoft": {
                    "method": "blacklist",
                    "engine_name": "Gridinsoft",
                    "category": "suspicious",
                    "result": "suspicious"
                },
                "Heimdal Security": {
                    "method": "blacklist",
                    "engine_name": "Heimdal Security",
                    "category": "harmless",
                    "result": "clean"
                },
                "Hunt.io Intelligence": {
                    "method": "blacklist",
                    "engine_name": "Hunt.io Intelligence",
                    "category": "undetected",
                    "result": "unrated"
                },
                "IPsum": {
                    "method": "blacklist",
                    "engine_name": "IPsum",
                    "category": "harmless",
                    "result": "clean"
                },
                "Juniper Networks": {
                    "method": "blacklist",
                    "engine_name": "Juniper Networks",
                    "category": "harmless",
                    "result": "clean"
                },
                "Kaspersky": {
                    "method": "blacklist",
                    "engine_name": "Kaspersky",
                    "category": "undetected",
                    "result": "unrated"
                },
                "Lionic": {
                    "method": "blacklist",
                    "engine_name": "Lionic",
                    "category": "harmless",
                    "result": "clean"
                },
                "Lumu": {
                    "method": "blacklist",
                    "engine_name": "Lumu",
                    "category": "undetected",
                    "result": "unrated"
                },
                "MalwarePatrol": {
                    "method": "blacklist",
                    "engine_name": "MalwarePatrol",
                    "category": "harmless",
                    "result": "clean"
                },
                "MalwareURL": {
                    "method": "blacklist",
                    "engine_name": "MalwareURL",
                    "category": "malicious",
                    "result": "malware"
                },
                "Malwared": {
                    "method": "blacklist",
                    "engine_name": "Malwared",
                    "category": "harmless",
                    "result": "clean"
                },
                "Netcraft": {
                    "method": "blacklist",
                    "engine_name": "Netcraft",
                    "category": "undetected",
                    "result": "unrated"
                },
                "OpenPhish": {
                    "method": "blacklist",
                    "engine_name": "OpenPhish",
                    "category": "harmless",
                    "result": "clean"
                },
                "Phishing Database": {
                    "method": "blacklist",
                    "engine_name": "Phishing Database",
                    "category": "harmless",
                    "result": "clean"
                },
                "PhishFort": {
                    "method": "blacklist",
                    "engine_name": "PhishFort",
                    "category": "undetected",
                    "result": "unrated"
                },
                "PhishLabs": {
                    "method": "blacklist",
                    "engine_name": "PhishLabs",
                    "category": "undetected",
                    "result": "unrated"
                },
                "Phishtank": {
                    "method": "blacklist",
                    "engine_name": "Phishtank",
                    "category": "harmless",
                    "result": "clean"
                },
                "PREBYTES": {
                    "method": "blacklist",
                    "engine_name": "PREBYTES",
                    "category": "harmless",
                    "result": "clean"
                },
                "PrecisionSec": {
                    "method": "blacklist",
                    "engine_name": "PrecisionSec",
                    "category": "undetected",
                    "result": "unrated"
                },
                "Quick Heal": {
                    "method": "blacklist",
                    "engine_name": "Quick Heal",
                    "category": "harmless",
                    "result": "clean"
                },
                "Quttera": {
                    "method": "blacklist",
                    "engine_name": "Quttera",
                    "category": "harmless",
                    "result": "clean"
                },
                "SafeToOpen": {
                    "method": "blacklist",
                    "engine_name": "SafeToOpen",
                    "category": "undetected",
                    "result": "unrated"
                },
                "Sansec eComscan": {
                    "method": "blacklist",
                    "engine_name": "Sansec eComscan",
                    "category": "undetected",
                    "result": "unrated"
                },
                "Scantitan": {
                    "method": "blacklist",
                    "engine_name": "Scantitan",
                    "category": "harmless",
                    "result": "clean"
                },
                "SCUMWARE.org": {
                    "method": "blacklist",
                    "engine_name": "SCUMWARE.org",
                    "category": "harmless",
                    "result": "clean"
                },
                "Seclookup": {
                    "method": "blacklist",
                    "engine_name": "Seclookup",
                    "category": "harmless",
                    "result": "clean"
                },
                "SecureBrain": {
                    "method": "blacklist",
                    "engine_name": "SecureBrain",
                    "category": "undetected",
                    "result": "unrated"
                },
                "Segasec": {
                    "method": "blacklist",
                    "engine_name": "Segasec",
                    "category": "undetected",
                    "result": "unrated"
                },
                "SOCRadar": {
                    "method": "blacklist",
                    "engine_name": "SOCRadar",
                    "category": "malicious",
                    "result": "malicious"
                },
                "Sophos": {
                    "method": "blacklist",
                    "engine_name": "Sophos",
                    "category": "harmless",
                    "result": "clean"
                },
                "Spam404": {
                    "method": "blacklist",
                    "engine_name": "Spam404",
                    "category": "harmless",
                    "result": "clean"
                },
                "StopForumSpam": {
                    "method": "blacklist",
                    "engine_name": "StopForumSpam",
                    "category": "harmless",
                    "result": "clean"
                },
                "Sucuri SiteCheck": {
                    "method": "blacklist",
                    "engine_name": "Sucuri SiteCheck",
                    "category": "harmless",
                    "result": "clean"
                },
                "ThreatHive": {
                    "method": "blacklist",
                    "engine_name": "ThreatHive",
                    "category": "harmless",
                    "result": "clean"
                },
                "Threatsourcing": {
                    "method": "blacklist",
                    "engine_name": "Threatsourcing",
                    "category": "harmless",
                    "result": "clean"
                },
                "Trustwave": {
                    "method": "blacklist",
                    "engine_name": "Trustwave",
                    "category": "harmless",
                    "result": "clean"
                },
                "Underworld": {
                    "method": "blacklist",
                    "engine_name": "Underworld",
                    "category": "undetected",
                    "result": "unrated"
                },
                "URLhaus": {
                    "method": "blacklist",
                    "engine_name": "URLhaus",
                    "category": "harmless",
                    "result": "clean"
                },
                "URLQuery": {
                    "method": "blacklist",
                    "engine_name": "URLQuery",
                    "category": "undetected",
                    "result": "unrated"
                },
                "Viettel Threat Intelligence": {
                    "method": "blacklist",
                    "engine_name": "Viettel Threat Intelligence",
                    "category": "harmless",
                    "result": "clean"
                },
                "VIPRE": {
                    "method": "blacklist",
                    "engine_name": "VIPRE",
                    "category": "undetected",
                    "result": "unrated"
                },
                "VX Vault": {
                    "method": "blacklist",
                    "engine_name": "VX Vault",
                    "category": "harmless",
                    "result": "clean"
                },
                "ViriBack": {
                    "method": "blacklist",
                    "engine_name": "ViriBack",
                    "category": "harmless",
                    "result": "clean"
                },
                "Webroot": {
                    "method": "blacklist",
                    "engine_name": "Webroot",
                    "category": "harmless",
                    "result": "clean"
                },
                "Yandex Safebrowsing": {
                    "method": "blacklist",
                    "engine_name": "Yandex Safebrowsing",
                    "category": "harmless",
                    "result": "clean"
                },
                "ZeroCERT": {
                    "method": "blacklist",
                    "engine_name": "ZeroCERT",
                    "category": "harmless",
                    "result": "clean"
                },
                "desenmascara.me": {
                    "method": "blacklist",
                    "engine_name": "desenmascara.me",
                    "category": "harmless",
                    "result": "clean"
                },
                "malwares.com URL checker": {
                    "method": "blacklist",
                    "engine_name": "malwares.com URL checker",
                    "category": "harmless",
                    "result": "clean"
                },
                "securolytics": {
                    "method": "blacklist",
                    "engine_name": "securolytics",
                    "category": "harmless",
                    "result": "clean"
                },
                "Xcitium Verdict Cloud": {
                    "method": "blacklist",
                    "engine_name": "Xcitium Verdict Cloud",
                    "category": "undetected",
                    "result": "unrated"
                },
                "zvelo": {
                    "method": "blacklist",
                    "engine_name": "zvelo",
                    "category": "undetected",
                    "result": "unrated"
                },
                "ZeroFox": {
                    "method": "blacklist",
                    "engine_name": "ZeroFox",
                    "category": "undetected",
                    "result": "unrated"
                }
            },
            "total_votes": {
                "harmless": 0,
                "malicious": 0
            },
            "asn": 206216,
            "tags": [],
            "last_analysis_stats": {
                "malicious": 5,
                "suspicious": 3,
                "undetected": 29,
                "harmless": 57,
                "timeout": 0
            }
        }
    }
}