{
    "data": {
        "id": "203.33.207.66",
        "type": "ip_address",
        "links": {
            "self": "https://www.virustotal.com/api/v3/ip_addresses/203.33.207.66"
        },
        "attributes": {
            "last_analysis_date": 1739509859,
            "country": "CN",
            "network": "203.33.206.0/23",
            "as_owner": "Cloud Computing Corporation",
            "last_modification_date": 1739510213,
            "total_votes": {
                "harmless": 0,
                "malicious": 1
            },
            "whois_date": 1737727002,
            "last_analysis_stats": {
                "malicious": 3,
                "suspicious": 2,
                "undetected": 31,
                "harmless": 58,
                "timeout": 0
            },
            "whois": "inetnum: 203.33.206.0 - 203.33.207.255\nnetname: CHINANET-FJ\ndescr: CHINANET FUJIAN PROVINCE NETWORK\ndescr: China Telecom\ndescr: No.31,jingrong street\ndescr: Beijing 100032\ncountry: CN\nadmin-c: CA67-AP\ntech-c: CA67-AP\nabuse-c: AC1573-AP\nstatus: ALLOCATED PORTABLE\nremarks: service provider\nnotify: fjnic@fjdcb.fz.fj.cn\nmnt-by: APNIC-HM\nmnt-lower: MAINT-CHINANET-FJ\nmnt-irt: IRT-CHINANET-CN\nlast-modified: 2021-06-15T08:06:44Z\nsource: APNIC\nirt: IRT-CHINANET-CN\naddress: No.31 ,jingrong street,beijing\naddress: 100032\ne-mail: anti-spam@chinatelecom.cn\nabuse-mailbox: anti-spam@chinatelecom.cn\nadmin-c: CH93-AP\ntech-c: CH93-AP\nauth: # Filtered\nremarks: anti-spam@chinatelecom.cn was validated on 2024-10-17\nmnt-by: MAINT-CHINANET\nlast-modified: 2024-10-17T03:10:56Z\nsource: APNIC\nrole: ABUSE CHINANETCN\ncountry: ZZ\naddress: No.31 ,jingrong street,beijing\naddress: 100032\nphone: +000000000\ne-mail: anti-spam@chinatelecom.cn\nadmin-c: CH93-AP\ntech-c: CH93-AP\nnic-hdl: AC1573-AP\nremarks: Generated from irt object IRT-CHINANET-CN\nremarks: anti-spam@chinatelecom.cn was validated on 2024-10-17\nabuse-mailbox: anti-spam@chinatelecom.cn\nmnt-by: APNIC-ABUSE\nlast-modified: 2024-10-17T03:11:15Z\nsource: APNIC\nrole: CHINANETFJ IP ADMIN\naddress: 7,East Street,Fuzhou,Fujian,PRC\ncountry: CN\nphone: +86-591-83309761\nfax-no: +86-591-83371954\ne-mail: fjnic@fjdcb.fz.fj.cn\nremarks: send spam reports and abuse reports\nremarks: to abuse@fjdcb.fz.fj.cn\nremarks: Please include detailed information and\nremarks: times in UTC\nadmin-c: FH71-AP\ntech-c: FH71-AP\nnic-hdl: CA67-AP\nremarks: www.fjtelecom.com\nnotify: fjnic@fjdcb.fz.fj.cn\nmnt-by: MAINT-CHINANET-FJ\nlast-modified: 2011-12-06T00:10:50Z\nsource: APNIC\n",
            "asn": 58519,
            "crowdsourced_context": [
                {
                    "timestamp": 1707342786,
                    "title": "RDP bruteforce Attackers [2024-02-07]",
                    "details": "Source: alienvault",
                    "severity": "low",
                    "source": "ArcSight Threat Intelligence"
                }
            ],
            "tags": [],
            "last_analysis_results": {
                "Acronis": {
                    "method": "blacklist",
                    "engine_name": "Acronis",
                    "category": "harmless",
                    "result": "clean"
                },
                "0xSI_f33d": {
                    "method": "blacklist",
                    "engine_name": "0xSI_f33d",
                    "category": "undetected",
                    "result": "unrated"
                },
                "Abusix": {
                    "method": "blacklist",
                    "engine_name": "Abusix",
                    "category": "harmless",
                    "result": "clean"
                },
                "ADMINUSLabs": {
                    "method": "blacklist",
                    "engine_name": "ADMINUSLabs",
                    "category": "harmless",
                    "result": "clean"
                },
                "Axur": {
                    "method": "blacklist",
                    "engine_name": "Axur",
                    "category": "undetected",
                    "result": "unrated"
                },
                "Criminal IP": {
                    "method": "blacklist",
                    "engine_name": "Criminal IP",
                    "category": "malicious",
                    "result": "malicious"
                },
                "AILabs (MONITORAPP)": {
                    "method": "blacklist",
                    "engine_name": "AILabs (MONITORAPP)",
                    "category": "harmless",
                    "result": "clean"
                },
                "AlienVault": {
                    "method": "blacklist",
                    "engine_name": "AlienVault",
                    "category": "harmless",
                    "result": "clean"
                },
                "alphaMountain.ai": {
                    "method": "blacklist",
                    "engine_name": "alphaMountain.ai",
                    "category": "suspicious",
                    "result": "suspicious"
                },
                "AlphaSOC": {
                    "method": "blacklist",
                    "engine_name": "AlphaSOC",
                    "category": "suspicious",
                    "result": "suspicious"
                },
                "Antiy-AVL": {
                    "method": "blacklist",
                    "engine_name": "Antiy-AVL",
                    "category": "harmless",
                    "result": "clean"
                },
                "ArcSight Threat Intelligence": {
                    "method": "blacklist",
                    "engine_name": "ArcSight Threat Intelligence",
                    "category": "undetected",
                    "result": "unrated"
                },
                "AutoShun": {
                    "method": "blacklist",
                    "engine_name": "AutoShun",
                    "category": "undetected",
                    "result": "unrated"
                },
                "benkow.cc": {
                    "method": "blacklist",
                    "engine_name": "benkow.cc",
                    "category": "harmless",
                    "result": "clean"
                },
                "Bfore.Ai PreCrime": {
                    "method": "blacklist",
                    "engine_name": "Bfore.Ai PreCrime",
                    "category": "undetected",
                    "result": "unrated"
                },
                "BitDefender": {
                    "method": "blacklist",
                    "engine_name": "BitDefender",
                    "category": "harmless",
                    "result": "clean"
                },
                "Bkav": {
                    "method": "blacklist",
                    "engine_name": "Bkav",
                    "category": "undetected",
                    "result": "unrated"
                },
                "Blueliv": {
                    "method": "blacklist",
                    "engine_name": "Blueliv",
                    "category": "harmless",
                    "result": "clean"
                },
                "Certego": {
                    "method": "blacklist",
                    "engine_name": "Certego",
                    "category": "harmless",
                    "result": "clean"
                },
                "Chong Lua Dao": {
                    "method": "blacklist",
                    "engine_name": "Chong Lua Dao",
                    "category": "harmless",
                    "result": "clean"
                },
                "CINS Army": {
                    "method": "blacklist",
                    "engine_name": "CINS Army",
                    "category": "harmless",
                    "result": "clean"
                },
                "Cluster25": {
                    "method": "blacklist",
                    "engine_name": "Cluster25",
                    "category": "undetected",
                    "result": "unrated"
                },
                "CRDF": {
                    "method": "blacklist",
                    "engine_name": "CRDF",
                    "category": "harmless",
                    "result": "clean"
                },
                "CSIS Security Group": {
                    "method": "blacklist",
                    "engine_name": "CSIS Security Group",
                    "category": "undetected",
                    "result": "unrated"
                },
                "Snort IP sample list": {
                    "method": "blacklist",
                    "engine_name": "Snort IP sample list",
                    "category": "harmless",
                    "result": "clean"
                },
                "CMC Threat Intelligence": {
                    "method": "blacklist",
                    "engine_name": "CMC Threat Intelligence",
                    "category": "harmless",
                    "result": "clean"
                },
                "Cyan": {
                    "method": "blacklist",
                    "engine_name": "Cyan",
                    "category": "undetected",
                    "result": "unrated"
                },
                "Cyble": {
                    "method": "blacklist",
                    "engine_name": "Cyble",
                    "category": "harmless",
                    "result": "clean"
                },
                "CyRadar": {
                    "method": "blacklist",
                    "engine_name": "CyRadar",
                    "category": "harmless",
                    "result": "clean"
                },
                "DNS8": {
                    "method": "blacklist",
                    "engine_name": "DNS8",
                    "category": "harmless",
                    "result": "clean"
                },
                "Dr.Web": {
                    "method": "blacklist",
                    "engine_name": "Dr.Web",
                    "category": "harmless",
                    "result": "clean"
                },
                "Ermes": {
                    "method": "blacklist",
                    "engine_name": "Ermes",
                    "category": "undetected",
                    "result": "unrated"
                },
                "ESET": {
                    "method": "blacklist",
                    "engine_name": "ESET",
                    "category": "harmless",
                    "result": "clean"
                },
                "ESTsecurity": {
                    "method": "blacklist",
                    "engine_name": "ESTsecurity",
                    "category": "harmless",
                    "result": "clean"
                },
                "EmergingThreats": {
                    "method": "blacklist",
                    "engine_name": "EmergingThreats",
                    "category": "harmless",
                    "result": "clean"
                },
                "Emsisoft": {
                    "method": "blacklist",
                    "engine_name": "Emsisoft",
                    "category": "harmless",
                    "result": "clean"
                },
                "Forcepoint ThreatSeeker": {
                    "method": "blacklist",
                    "engine_name": "Forcepoint ThreatSeeker",
                    "category": "undetected",
                    "result": "unrated"
                },
                "Fortinet": {
                    "method": "blacklist",
                    "engine_name": "Fortinet",
                    "category": "malicious",
                    "result": "malware"
                },
                "G-Data": {
                    "method": "blacklist",
                    "engine_name": "G-Data",
                    "category": "harmless",
                    "result": "clean"
                },
                "GCP Abuse Intelligence": {
                    "method": "blacklist",
                    "engine_name": "GCP Abuse Intelligence",
                    "category": "undetected",
                    "result": "unrated"
                },
                "Google Safebrowsing": {
                    "method": "blacklist",
                    "engine_name": "Google Safebrowsing",
                    "category": "harmless",
                    "result": "clean"
                },
                "GreenSnow": {
                    "method": "blacklist",
                    "engine_name": "GreenSnow",
                    "category": "harmless",
                    "result": "clean"
                },
                "Gridinsoft": {
                    "method": "blacklist",
                    "engine_name": "Gridinsoft",
                    "category": "undetected",
                    "result": "unrated"
                },
                "Heimdal Security": {
                    "method": "blacklist",
                    "engine_name": "Heimdal Security",
                    "category": "harmless",
                    "result": "clean"
                },
                "Hunt.io Intelligence": {
                    "method": "blacklist",
                    "engine_name": "Hunt.io Intelligence",
                    "category": "undetected",
                    "result": "unrated"
                },
                "IPsum": {
                    "method": "blacklist",
                    "engine_name": "IPsum",
                    "category": "harmless",
                    "result": "clean"
                },
                "Juniper Networks": {
                    "method": "blacklist",
                    "engine_name": "Juniper Networks",
                    "category": "harmless",
                    "result": "clean"
                },
                "Kaspersky": {
                    "method": "blacklist",
                    "engine_name": "Kaspersky",
                    "category": "undetected",
                    "result": "unrated"
                },
                "Lionic": {
                    "method": "blacklist",
                    "engine_name": "Lionic",
                    "category": "harmless",
                    "result": "clean"
                },
                "Lumu": {
                    "method": "blacklist",
                    "engine_name": "Lumu",
                    "category": "undetected",
                    "result": "unrated"
                },
                "MalwarePatrol": {
                    "method": "blacklist",
                    "engine_name": "MalwarePatrol",
                    "category": "harmless",
                    "result": "clean"
                },
                "MalwareURL": {
                    "method": "blacklist",
                    "engine_name": "MalwareURL",
                    "category": "undetected",
                    "result": "unrated"
                },
                "Malwared": {
                    "method": "blacklist",
                    "engine_name": "Malwared",
                    "category": "harmless",
                    "result": "clean"
                },
                "Netcraft": {
                    "method": "blacklist",
                    "engine_name": "Netcraft",
                    "category": "undetected",
                    "result": "unrated"
                },
                "OpenPhish": {
                    "method": "blacklist",
                    "engine_name": "OpenPhish",
                    "category": "harmless",
                    "result": "clean"
                },
                "Phishing Database": {
                    "method": "blacklist",
                    "engine_name": "Phishing Database",
                    "category": "harmless",
                    "result": "clean"
                },
                "PhishFort": {
                    "method": "blacklist",
                    "engine_name": "PhishFort",
                    "category": "undetected",
                    "result": "unrated"
                },
                "PhishLabs": {
                    "method": "blacklist",
                    "engine_name": "PhishLabs",
                    "category": "undetected",
                    "result": "unrated"
                },
                "Phishtank": {
                    "method": "blacklist",
                    "engine_name": "Phishtank",
                    "category": "harmless",
                    "result": "clean"
                },
                "PREBYTES": {
                    "method": "blacklist",
                    "engine_name": "PREBYTES",
                    "category": "harmless",
                    "result": "clean"
                },
                "PrecisionSec": {
                    "method": "blacklist",
                    "engine_name": "PrecisionSec",
                    "category": "undetected",
                    "result": "unrated"
                },
                "Quick Heal": {
                    "method": "blacklist",
                    "engine_name": "Quick Heal",
                    "category": "harmless",
                    "result": "clean"
                },
                "Quttera": {
                    "method": "blacklist",
                    "engine_name": "Quttera",
                    "category": "harmless",
                    "result": "clean"
                },
                "SafeToOpen": {
                    "method": "blacklist",
                    "engine_name": "SafeToOpen",
                    "category": "undetected",
                    "result": "unrated"
                },
                "Sansec eComscan": {
                    "method": "blacklist",
                    "engine_name": "Sansec eComscan",
                    "category": "undetected",
                    "result": "unrated"
                },
                "Scantitan": {
                    "method": "blacklist",
                    "engine_name": "Scantitan",
                    "category": "harmless",
                    "result": "clean"
                },
                "SCUMWARE.org": {
                    "method": "blacklist",
                    "engine_name": "SCUMWARE.org",
                    "category": "harmless",
                    "result": "clean"
                },
                "Seclookup": {
                    "method": "blacklist",
                    "engine_name": "Seclookup",
                    "category": "harmless",
                    "result": "clean"
                },
                "SecureBrain": {
                    "method": "blacklist",
                    "engine_name": "SecureBrain",
                    "category": "undetected",
                    "result": "unrated"
                },
                "Segasec": {
                    "method": "blacklist",
                    "engine_name": "Segasec",
                    "category": "undetected",
                    "result": "unrated"
                },
                "SOCRadar": {
                    "method": "blacklist",
                    "engine_name": "SOCRadar",
                    "category": "malicious",
                    "result": "malware"
                },
                "Sophos": {
                    "method": "blacklist",
                    "engine_name": "Sophos",
                    "category": "harmless",
                    "result": "clean"
                },
                "Spam404": {
                    "method": "blacklist",
                    "engine_name": "Spam404",
                    "category": "harmless",
                    "result": "clean"
                },
                "StopForumSpam": {
                    "method": "blacklist",
                    "engine_name": "StopForumSpam",
                    "category": "harmless",
                    "result": "clean"
                },
                "Sucuri SiteCheck": {
                    "method": "blacklist",
                    "engine_name": "Sucuri SiteCheck",
                    "category": "harmless",
                    "result": "clean"
                },
                "ThreatHive": {
                    "method": "blacklist",
                    "engine_name": "ThreatHive",
                    "category": "harmless",
                    "result": "clean"
                },
                "Threatsourcing": {
                    "method": "blacklist",
                    "engine_name": "Threatsourcing",
                    "category": "harmless",
                    "result": "clean"
                },
                "Trustwave": {
                    "method": "blacklist",
                    "engine_name": "Trustwave",
                    "category": "harmless",
                    "result": "clean"
                },
                "Underworld": {
                    "method": "blacklist",
                    "engine_name": "Underworld",
                    "category": "undetected",
                    "result": "unrated"
                },
                "URLhaus": {
                    "method": "blacklist",
                    "engine_name": "URLhaus",
                    "category": "harmless",
                    "result": "clean"
                },
                "URLQuery": {
                    "method": "blacklist",
                    "engine_name": "URLQuery",
                    "category": "undetected",
                    "result": "unrated"
                },
                "Viettel Threat Intelligence": {
                    "method": "blacklist",
                    "engine_name": "Viettel Threat Intelligence",
                    "category": "harmless",
                    "result": "clean"
                },
                "VIPRE": {
                    "method": "blacklist",
                    "engine_name": "VIPRE",
                    "category": "undetected",
                    "result": "unrated"
                },
                "VX Vault": {
                    "method": "blacklist",
                    "engine_name": "VX Vault",
                    "category": "harmless",
                    "result": "clean"
                },
                "ViriBack": {
                    "method": "blacklist",
                    "engine_name": "ViriBack",
                    "category": "harmless",
                    "result": "clean"
                },
                "Webroot": {
                    "method": "blacklist",
                    "engine_name": "Webroot",
                    "category": "harmless",
                    "result": "clean"
                },
                "Yandex Safebrowsing": {
                    "method": "blacklist",
                    "engine_name": "Yandex Safebrowsing",
                    "category": "harmless",
                    "result": "clean"
                },
                "ZeroCERT": {
                    "method": "blacklist",
                    "engine_name": "ZeroCERT",
                    "category": "harmless",
                    "result": "clean"
                },
                "desenmascara.me": {
                    "method": "blacklist",
                    "engine_name": "desenmascara.me",
                    "category": "harmless",
                    "result": "clean"
                },
                "malwares.com URL checker": {
                    "method": "blacklist",
                    "engine_name": "malwares.com URL checker",
                    "category": "harmless",
                    "result": "clean"
                },
                "securolytics": {
                    "method": "blacklist",
                    "engine_name": "securolytics",
                    "category": "harmless",
                    "result": "clean"
                },
                "Xcitium Verdict Cloud": {
                    "method": "blacklist",
                    "engine_name": "Xcitium Verdict Cloud",
                    "category": "undetected",
                    "result": "unrated"
                },
                "zvelo": {
                    "method": "blacklist",
                    "engine_name": "zvelo",
                    "category": "undetected",
                    "result": "unrated"
                },
                "ZeroFox": {
                    "method": "blacklist",
                    "engine_name": "ZeroFox",
                    "category": "undetected",
                    "result": "unrated"
                }
            },
            "regional_internet_registry": "APNIC",
            "continent": "AS",
            "reputation": -1
        }
    }
}