{
    "data": {
        "id": "40.76.121.83",
        "type": "ip_address",
        "links": {
            "self": "https://www.virustotal.com/api/v3/ip_addresses/40.76.121.83"
        },
        "attributes": {
            "tags": [],
            "last_analysis_stats": {
                "malicious": 0,
                "suspicious": 0,
                "undetected": 94,
                "harmless": 0,
                "timeout": 0
            },
            "last_modification_date": 1581674756,
            "whois_date": 1581674756,
            "continent": "NA",
            "network": "40.76.0.0/14",
            "as_owner": "MICROSOFT-CORP-MSN-AS-BLOCK",
            "whois": "NetRange: 40.74.0.0 - 40.125.127.255\nCIDR: 40.76.0.0/14, 40.124.0.0/16, 40.74.0.0/15, 40.96.0.0/12, 40.80.0.0/12, 40.112.0.0/13, 40.125.0.0/17, 40.120.0.0/14\nNetName: MSFT\nNetHandle: NET-40-74-0-0-1\nParent: NET40 (NET-40-0-0-0-0)\nNetType: Direct Assignment\nOriginAS: \nOrganization: Microsoft Corporation (MSFT)\nRegDate: 2015-02-23\nUpdated: 2015-05-27\nRef: https://rdap.arin.net/registry/ip/40.74.0.0\nOrgName: Microsoft Corporation\nOrgId: MSFT\nAddress: One Microsoft Way\nCity: Redmond\nStateProv: WA\nPostalCode: 98052\nCountry: US\nRegDate: 1998-07-09\nUpdated: 2017-01-28\nComment: To report suspected security issues specific to traffic emanating from Microsoft online services, including the distribution of malicious content or other illicit or illegal material through a Microsoft online service, please submit reports to:\nComment: * https://cert.microsoft.com. \nComment: \nComment: For SPAM and other abuse issues, such as Microsoft Accounts, please contact:\nComment: * abuse@microsoft.com. \nComment: \nComment: To report security vulnerabilities in Microsoft products and services, please contact:\nComment: * secure@microsoft.com. \nComment: \nComment: For legal and law enforcement-related requests, please contact:\nComment: * msndcc@microsoft.com\nComment: \nComment: For routing, peering or DNS issues, please \nComment: contact:\nComment: * IOC@microsoft.com\nRef: https://rdap.arin.net/registry/entity/MSFT\nOrgAbuseHandle: MAC74-ARIN\nOrgAbuseName: Microsoft Abuse Contact\nOrgAbusePhone: +1-425-882-8080 \nOrgAbuseEmail: abuse@microsoft.com\nOrgAbuseRef: https://rdap.arin.net/registry/entity/MAC74-ARIN\nOrgTechHandle: MRPD-ARIN\nOrgTechName: Microsoft Routing, Peering, and DNS\nOrgTechPhone: +1-425-882-8080 \nOrgTechEmail: IOC@microsoft.com\nOrgTechRef: https://rdap.arin.net/registry/entity/MRPD-ARIN\n",
            "last_analysis_results": {
                "Acronis": {
                    "method": "blacklist",
                    "engine_name": "Acronis",
                    "category": "undetected",
                    "result": "unrated"
                },
                "0xSI_f33d": {
                    "method": "blacklist",
                    "engine_name": "0xSI_f33d",
                    "category": "undetected",
                    "result": "unrated"
                },
                "Abusix": {
                    "method": "blacklist",
                    "engine_name": "Abusix",
                    "category": "undetected",
                    "result": "unrated"
                },
                "ADMINUSLabs": {
                    "method": "blacklist",
                    "engine_name": "ADMINUSLabs",
                    "category": "undetected",
                    "result": "unrated"
                },
                "Axur": {
                    "method": "blacklist",
                    "engine_name": "Axur",
                    "category": "undetected",
                    "result": "unrated"
                },
                "Criminal IP": {
                    "method": "blacklist",
                    "engine_name": "Criminal IP",
                    "category": "undetected",
                    "result": "unrated"
                },
                "AILabs (MONITORAPP)": {
                    "method": "blacklist",
                    "engine_name": "AILabs (MONITORAPP)",
                    "category": "undetected",
                    "result": "unrated"
                },
                "AlienVault": {
                    "method": "blacklist",
                    "engine_name": "AlienVault",
                    "category": "undetected",
                    "result": "unrated"
                },
                "alphaMountain.ai": {
                    "method": "blacklist",
                    "engine_name": "alphaMountain.ai",
                    "category": "undetected",
                    "result": "unrated"
                },
                "AlphaSOC": {
                    "method": "blacklist",
                    "engine_name": "AlphaSOC",
                    "category": "undetected",
                    "result": "unrated"
                },
                "Antiy-AVL": {
                    "method": "blacklist",
                    "engine_name": "Antiy-AVL",
                    "category": "undetected",
                    "result": "unrated"
                },
                "ArcSight Threat Intelligence": {
                    "method": "blacklist",
                    "engine_name": "ArcSight Threat Intelligence",
                    "category": "undetected",
                    "result": "unrated"
                },
                "AutoShun": {
                    "method": "blacklist",
                    "engine_name": "AutoShun",
                    "category": "undetected",
                    "result": "unrated"
                },
                "benkow.cc": {
                    "method": "blacklist",
                    "engine_name": "benkow.cc",
                    "category": "undetected",
                    "result": "unrated"
                },
                "Bfore.Ai PreCrime": {
                    "method": "blacklist",
                    "engine_name": "Bfore.Ai PreCrime",
                    "category": "undetected",
                    "result": "unrated"
                },
                "BitDefender": {
                    "method": "blacklist",
                    "engine_name": "BitDefender",
                    "category": "undetected",
                    "result": "unrated"
                },
                "Bkav": {
                    "method": "blacklist",
                    "engine_name": "Bkav",
                    "category": "undetected",
                    "result": "unrated"
                },
                "Blueliv": {
                    "method": "blacklist",
                    "engine_name": "Blueliv",
                    "category": "undetected",
                    "result": "unrated"
                },
                "Certego": {
                    "method": "blacklist",
                    "engine_name": "Certego",
                    "category": "undetected",
                    "result": "unrated"
                },
                "Chong Lua Dao": {
                    "method": "blacklist",
                    "engine_name": "Chong Lua Dao",
                    "category": "undetected",
                    "result": "unrated"
                },
                "CINS Army": {
                    "method": "blacklist",
                    "engine_name": "CINS Army",
                    "category": "undetected",
                    "result": "unrated"
                },
                "Cluster25": {
                    "method": "blacklist",
                    "engine_name": "Cluster25",
                    "category": "undetected",
                    "result": "unrated"
                },
                "CRDF": {
                    "method": "blacklist",
                    "engine_name": "CRDF",
                    "category": "undetected",
                    "result": "unrated"
                },
                "CSIS Security Group": {
                    "method": "blacklist",
                    "engine_name": "CSIS Security Group",
                    "category": "undetected",
                    "result": "unrated"
                },
                "Snort IP sample list": {
                    "method": "blacklist",
                    "engine_name": "Snort IP sample list",
                    "category": "undetected",
                    "result": "unrated"
                },
                "CMC Threat Intelligence": {
                    "method": "blacklist",
                    "engine_name": "CMC Threat Intelligence",
                    "category": "undetected",
                    "result": "unrated"
                },
                "Cyan": {
                    "method": "blacklist",
                    "engine_name": "Cyan",
                    "category": "undetected",
                    "result": "unrated"
                },
                "Cyble": {
                    "method": "blacklist",
                    "engine_name": "Cyble",
                    "category": "undetected",
                    "result": "unrated"
                },
                "CyRadar": {
                    "method": "blacklist",
                    "engine_name": "CyRadar",
                    "category": "undetected",
                    "result": "unrated"
                },
                "DNS8": {
                    "method": "blacklist",
                    "engine_name": "DNS8",
                    "category": "undetected",
                    "result": "unrated"
                },
                "Dr.Web": {
                    "method": "blacklist",
                    "engine_name": "Dr.Web",
                    "category": "undetected",
                    "result": "unrated"
                },
                "Ermes": {
                    "method": "blacklist",
                    "engine_name": "Ermes",
                    "category": "undetected",
                    "result": "unrated"
                },
                "ESET": {
                    "method": "blacklist",
                    "engine_name": "ESET",
                    "category": "undetected",
                    "result": "unrated"
                },
                "ESTsecurity": {
                    "method": "blacklist",
                    "engine_name": "ESTsecurity",
                    "category": "undetected",
                    "result": "unrated"
                },
                "EmergingThreats": {
                    "method": "blacklist",
                    "engine_name": "EmergingThreats",
                    "category": "undetected",
                    "result": "unrated"
                },
                "Emsisoft": {
                    "method": "blacklist",
                    "engine_name": "Emsisoft",
                    "category": "undetected",
                    "result": "unrated"
                },
                "Forcepoint ThreatSeeker": {
                    "method": "blacklist",
                    "engine_name": "Forcepoint ThreatSeeker",
                    "category": "undetected",
                    "result": "unrated"
                },
                "Fortinet": {
                    "method": "blacklist",
                    "engine_name": "Fortinet",
                    "category": "undetected",
                    "result": "unrated"
                },
                "G-Data": {
                    "method": "blacklist",
                    "engine_name": "G-Data",
                    "category": "undetected",
                    "result": "unrated"
                },
                "GCP Abuse Intelligence": {
                    "method": "blacklist",
                    "engine_name": "GCP Abuse Intelligence",
                    "category": "undetected",
                    "result": "unrated"
                },
                "Google Safebrowsing": {
                    "method": "blacklist",
                    "engine_name": "Google Safebrowsing",
                    "category": "undetected",
                    "result": "unrated"
                },
                "GreenSnow": {
                    "method": "blacklist",
                    "engine_name": "GreenSnow",
                    "category": "undetected",
                    "result": "unrated"
                },
                "Gridinsoft": {
                    "method": "blacklist",
                    "engine_name": "Gridinsoft",
                    "category": "undetected",
                    "result": "unrated"
                },
                "Heimdal Security": {
                    "method": "blacklist",
                    "engine_name": "Heimdal Security",
                    "category": "undetected",
                    "result": "unrated"
                },
                "Hunt.io Intelligence": {
                    "method": "blacklist",
                    "engine_name": "Hunt.io Intelligence",
                    "category": "undetected",
                    "result": "unrated"
                },
                "IPsum": {
                    "method": "blacklist",
                    "engine_name": "IPsum",
                    "category": "undetected",
                    "result": "unrated"
                },
                "Juniper Networks": {
                    "method": "blacklist",
                    "engine_name": "Juniper Networks",
                    "category": "undetected",
                    "result": "unrated"
                },
                "Kaspersky": {
                    "method": "blacklist",
                    "engine_name": "Kaspersky",
                    "category": "undetected",
                    "result": "unrated"
                },
                "Lionic": {
                    "method": "blacklist",
                    "engine_name": "Lionic",
                    "category": "undetected",
                    "result": "unrated"
                },
                "Lumu": {
                    "method": "blacklist",
                    "engine_name": "Lumu",
                    "category": "undetected",
                    "result": "unrated"
                },
                "MalwarePatrol": {
                    "method": "blacklist",
                    "engine_name": "MalwarePatrol",
                    "category": "undetected",
                    "result": "unrated"
                },
                "MalwareURL": {
                    "method": "blacklist",
                    "engine_name": "MalwareURL",
                    "category": "undetected",
                    "result": "unrated"
                },
                "Malwared": {
                    "method": "blacklist",
                    "engine_name": "Malwared",
                    "category": "undetected",
                    "result": "unrated"
                },
                "Netcraft": {
                    "method": "blacklist",
                    "engine_name": "Netcraft",
                    "category": "undetected",
                    "result": "unrated"
                },
                "OpenPhish": {
                    "method": "blacklist",
                    "engine_name": "OpenPhish",
                    "category": "undetected",
                    "result": "unrated"
                },
                "Phishing Database": {
                    "method": "blacklist",
                    "engine_name": "Phishing Database",
                    "category": "undetected",
                    "result": "unrated"
                },
                "PhishFort": {
                    "method": "blacklist",
                    "engine_name": "PhishFort",
                    "category": "undetected",
                    "result": "unrated"
                },
                "PhishLabs": {
                    "method": "blacklist",
                    "engine_name": "PhishLabs",
                    "category": "undetected",
                    "result": "unrated"
                },
                "Phishtank": {
                    "method": "blacklist",
                    "engine_name": "Phishtank",
                    "category": "undetected",
                    "result": "unrated"
                },
                "PREBYTES": {
                    "method": "blacklist",
                    "engine_name": "PREBYTES",
                    "category": "undetected",
                    "result": "unrated"
                },
                "PrecisionSec": {
                    "method": "blacklist",
                    "engine_name": "PrecisionSec",
                    "category": "undetected",
                    "result": "unrated"
                },
                "Quick Heal": {
                    "method": "blacklist",
                    "engine_name": "Quick Heal",
                    "category": "undetected",
                    "result": "unrated"
                },
                "Quttera": {
                    "method": "blacklist",
                    "engine_name": "Quttera",
                    "category": "undetected",
                    "result": "unrated"
                },
                "SafeToOpen": {
                    "method": "blacklist",
                    "engine_name": "SafeToOpen",
                    "category": "undetected",
                    "result": "unrated"
                },
                "Sansec eComscan": {
                    "method": "blacklist",
                    "engine_name": "Sansec eComscan",
                    "category": "undetected",
                    "result": "unrated"
                },
                "Scantitan": {
                    "method": "blacklist",
                    "engine_name": "Scantitan",
                    "category": "undetected",
                    "result": "unrated"
                },
                "SCUMWARE.org": {
                    "method": "blacklist",
                    "engine_name": "SCUMWARE.org",
                    "category": "undetected",
                    "result": "unrated"
                },
                "Seclookup": {
                    "method": "blacklist",
                    "engine_name": "Seclookup",
                    "category": "undetected",
                    "result": "unrated"
                },
                "SecureBrain": {
                    "method": "blacklist",
                    "engine_name": "SecureBrain",
                    "category": "undetected",
                    "result": "unrated"
                },
                "Segasec": {
                    "method": "blacklist",
                    "engine_name": "Segasec",
                    "category": "undetected",
                    "result": "unrated"
                },
                "SOCRadar": {
                    "method": "blacklist",
                    "engine_name": "SOCRadar",
                    "category": "undetected",
                    "result": "unrated"
                },
                "Sophos": {
                    "method": "blacklist",
                    "engine_name": "Sophos",
                    "category": "undetected",
                    "result": "unrated"
                },
                "Spam404": {
                    "method": "blacklist",
                    "engine_name": "Spam404",
                    "category": "undetected",
                    "result": "unrated"
                },
                "StopForumSpam": {
                    "method": "blacklist",
                    "engine_name": "StopForumSpam",
                    "category": "undetected",
                    "result": "unrated"
                },
                "Sucuri SiteCheck": {
                    "method": "blacklist",
                    "engine_name": "Sucuri SiteCheck",
                    "category": "undetected",
                    "result": "unrated"
                },
                "ThreatHive": {
                    "method": "blacklist",
                    "engine_name": "ThreatHive",
                    "category": "undetected",
                    "result": "unrated"
                },
                "Threatsourcing": {
                    "method": "blacklist",
                    "engine_name": "Threatsourcing",
                    "category": "undetected",
                    "result": "unrated"
                },
                "Trustwave": {
                    "method": "blacklist",
                    "engine_name": "Trustwave",
                    "category": "undetected",
                    "result": "unrated"
                },
                "Underworld": {
                    "method": "blacklist",
                    "engine_name": "Underworld",
                    "category": "undetected",
                    "result": "unrated"
                },
                "URLhaus": {
                    "method": "blacklist",
                    "engine_name": "URLhaus",
                    "category": "undetected",
                    "result": "unrated"
                },
                "URLQuery": {
                    "method": "blacklist",
                    "engine_name": "URLQuery",
                    "category": "undetected",
                    "result": "unrated"
                },
                "Viettel Threat Intelligence": {
                    "method": "blacklist",
                    "engine_name": "Viettel Threat Intelligence",
                    "category": "undetected",
                    "result": "unrated"
                },
                "VIPRE": {
                    "method": "blacklist",
                    "engine_name": "VIPRE",
                    "category": "undetected",
                    "result": "unrated"
                },
                "VX Vault": {
                    "method": "blacklist",
                    "engine_name": "VX Vault",
                    "category": "undetected",
                    "result": "unrated"
                },
                "ViriBack": {
                    "method": "blacklist",
                    "engine_name": "ViriBack",
                    "category": "undetected",
                    "result": "unrated"
                },
                "Webroot": {
                    "method": "blacklist",
                    "engine_name": "Webroot",
                    "category": "undetected",
                    "result": "unrated"
                },
                "Yandex Safebrowsing": {
                    "method": "blacklist",
                    "engine_name": "Yandex Safebrowsing",
                    "category": "undetected",
                    "result": "unrated"
                },
                "ZeroCERT": {
                    "method": "blacklist",
                    "engine_name": "ZeroCERT",
                    "category": "undetected",
                    "result": "unrated"
                },
                "desenmascara.me": {
                    "method": "blacklist",
                    "engine_name": "desenmascara.me",
                    "category": "undetected",
                    "result": "unrated"
                },
                "malwares.com URL checker": {
                    "method": "blacklist",
                    "engine_name": "malwares.com URL checker",
                    "category": "undetected",
                    "result": "unrated"
                },
                "securolytics": {
                    "method": "blacklist",
                    "engine_name": "securolytics",
                    "category": "undetected",
                    "result": "unrated"
                },
                "Xcitium Verdict Cloud": {
                    "method": "blacklist",
                    "engine_name": "Xcitium Verdict Cloud",
                    "category": "undetected",
                    "result": "unrated"
                },
                "zvelo": {
                    "method": "blacklist",
                    "engine_name": "zvelo",
                    "category": "undetected",
                    "result": "unrated"
                },
                "ZeroFox": {
                    "method": "blacklist",
                    "engine_name": "ZeroFox",
                    "category": "undetected",
                    "result": "unrated"
                }
            },
            "reputation": 0,
            "regional_internet_registry": "ARIN",
            "asn": 8075,
            "country": "US",
            "total_votes": {
                "harmless": 0,
                "malicious": 0
            }
        }
    }
}