{
    "data": {
        "id": "94.232.42.99",
        "type": "ip_address",
        "links": {
            "self": "https://www.virustotal.com/api/v3/ip_addresses/94.232.42.99"
        },
        "attributes": {
            "as_owner": "Xhost Internet Solutions Lp",
            "asn": 208091,
            "tags": [],
            "last_modification_date": 1739306123,
            "whois_date": 1736354155,
            "last_analysis_date": 1739003469,
            "last_analysis_stats": {
                "malicious": 8,
                "suspicious": 2,
                "undetected": 31,
                "harmless": 53,
                "timeout": 0
            },
            "continent": "EU",
            "whois": "inetnum: 94.232.40.0 - 94.232.47.255\nnetname: ORG-DP125-RIPE\ncountry: NL\norg: ORG-DP176-RIPE\nadmin-c: DP15146-RIPE\ntech-c: DP15146-RIPE\nstatus: ASSIGNED PI\nmnt-by: DMPN-MNT\nmnt-by: RIPE-NCC-END-MNT\ncreated: 2019-09-27T08:33:59Z\nlast-modified: 2023-10-16T14:03:18Z\nsource: RIPE\norganisation: ORG-DP176-RIPE\norg-name: Dmitriy Panchenko\ncountry: RU\norg-type: LIR\naddress: Shirokaya street 1, bld. 4, apt. 15\naddress: 127282\naddress: Moscow\naddress: RUSSIAN FEDERATION\nphone: +79856854476\nadmin-c: DP17184-RIPE\ntech-c: DP17184-RIPE\nabuse-c: AR72855-RIPE\nmnt-ref: DMPN-MNT\nmnt-by: RIPE-NCC-HM-MNT\nmnt-by: DMPN-MNT\ncreated: 2023-10-13T06:47:36Z\nlast-modified: 2023-10-13T06:47:37Z\nsource: RIPE # Filtered\nperson: Dmitriy Panchenko\naddress: Shirokaya street 1, bld. 4, apt. 15, 127282, Moscow, Russian Federation\nphone: +79856854476\nnic-hdl: DP15146-RIPE\nmnt-by: DMPN-MNT\ncreated: 2019-09-11T08:15:17Z\nlast-modified: 2023-10-04T23:18:47Z\nsource: RIPE\nroute: 94.232.42.0/24\norigin: AS208091\nmnt-by: DMPN-MNT\ncreated: 2022-03-03T06:55:29Z\nlast-modified: 2022-03-03T06:55:29Z\nsource: RIPE\n",
            "regional_internet_registry": "RIPE NCC",
            "last_analysis_results": {
                "Acronis": {
                    "method": "blacklist",
                    "engine_name": "Acronis",
                    "category": "harmless",
                    "result": "clean"
                },
                "0xSI_f33d": {
                    "method": "blacklist",
                    "engine_name": "0xSI_f33d",
                    "category": "undetected",
                    "result": "unrated"
                },
                "Abusix": {
                    "method": "blacklist",
                    "engine_name": "Abusix",
                    "category": "harmless",
                    "result": "clean"
                },
                "ADMINUSLabs": {
                    "method": "blacklist",
                    "engine_name": "ADMINUSLabs",
                    "category": "harmless",
                    "result": "clean"
                },
                "Axur": {
                    "method": "blacklist",
                    "engine_name": "Axur",
                    "category": "undetected",
                    "result": "unrated"
                },
                "Criminal IP": {
                    "method": "blacklist",
                    "engine_name": "Criminal IP",
                    "category": "malicious",
                    "result": "malicious"
                },
                "AILabs (MONITORAPP)": {
                    "method": "blacklist",
                    "engine_name": "AILabs (MONITORAPP)",
                    "category": "harmless",
                    "result": "clean"
                },
                "AlienVault": {
                    "method": "blacklist",
                    "engine_name": "AlienVault",
                    "category": "harmless",
                    "result": "clean"
                },
                "alphaMountain.ai": {
                    "method": "blacklist",
                    "engine_name": "alphaMountain.ai",
                    "category": "suspicious",
                    "result": "suspicious"
                },
                "AlphaSOC": {
                    "method": "blacklist",
                    "engine_name": "AlphaSOC",
                    "category": "suspicious",
                    "result": "suspicious"
                },
                "Antiy-AVL": {
                    "method": "blacklist",
                    "engine_name": "Antiy-AVL",
                    "category": "harmless",
                    "result": "clean"
                },
                "ArcSight Threat Intelligence": {
                    "method": "blacklist",
                    "engine_name": "ArcSight Threat Intelligence",
                    "category": "undetected",
                    "result": "unrated"
                },
                "AutoShun": {
                    "method": "blacklist",
                    "engine_name": "AutoShun",
                    "category": "undetected",
                    "result": "unrated"
                },
                "benkow.cc": {
                    "method": "blacklist",
                    "engine_name": "benkow.cc",
                    "category": "harmless",
                    "result": "clean"
                },
                "Bfore.Ai PreCrime": {
                    "method": "blacklist",
                    "engine_name": "Bfore.Ai PreCrime",
                    "category": "undetected",
                    "result": "unrated"
                },
                "BitDefender": {
                    "method": "blacklist",
                    "engine_name": "BitDefender",
                    "category": "malicious",
                    "result": "phishing"
                },
                "Bkav": {
                    "method": "blacklist",
                    "engine_name": "Bkav",
                    "category": "undetected",
                    "result": "unrated"
                },
                "Blueliv": {
                    "method": "blacklist",
                    "engine_name": "Blueliv",
                    "category": "harmless",
                    "result": "clean"
                },
                "Certego": {
                    "method": "blacklist",
                    "engine_name": "Certego",
                    "category": "harmless",
                    "result": "clean"
                },
                "Chong Lua Dao": {
                    "method": "blacklist",
                    "engine_name": "Chong Lua Dao",
                    "category": "harmless",
                    "result": "clean"
                },
                "CINS Army": {
                    "method": "blacklist",
                    "engine_name": "CINS Army",
                    "category": "harmless",
                    "result": "clean"
                },
                "Cluster25": {
                    "method": "blacklist",
                    "engine_name": "Cluster25",
                    "category": "undetected",
                    "result": "unrated"
                },
                "CRDF": {
                    "method": "blacklist",
                    "engine_name": "CRDF",
                    "category": "harmless",
                    "result": "clean"
                },
                "CSIS Security Group": {
                    "method": "blacklist",
                    "engine_name": "CSIS Security Group",
                    "category": "undetected",
                    "result": "unrated"
                },
                "Snort IP sample list": {
                    "method": "blacklist",
                    "engine_name": "Snort IP sample list",
                    "category": "harmless",
                    "result": "clean"
                },
                "CMC Threat Intelligence": {
                    "method": "blacklist",
                    "engine_name": "CMC Threat Intelligence",
                    "category": "harmless",
                    "result": "clean"
                },
                "Cyan": {
                    "method": "blacklist",
                    "engine_name": "Cyan",
                    "category": "undetected",
                    "result": "unrated"
                },
                "Cyble": {
                    "method": "blacklist",
                    "engine_name": "Cyble",
                    "category": "malicious",
                    "result": "malicious"
                },
                "CyRadar": {
                    "method": "blacklist",
                    "engine_name": "CyRadar",
                    "category": "malicious",
                    "result": "malicious"
                },
                "DNS8": {
                    "method": "blacklist",
                    "engine_name": "DNS8",
                    "category": "harmless",
                    "result": "clean"
                },
                "Dr.Web": {
                    "method": "blacklist",
                    "engine_name": "Dr.Web",
                    "category": "harmless",
                    "result": "clean"
                },
                "Ermes": {
                    "method": "blacklist",
                    "engine_name": "Ermes",
                    "category": "undetected",
                    "result": "unrated"
                },
                "ESET": {
                    "method": "blacklist",
                    "engine_name": "ESET",
                    "category": "harmless",
                    "result": "clean"
                },
                "ESTsecurity": {
                    "method": "blacklist",
                    "engine_name": "ESTsecurity",
                    "category": "harmless",
                    "result": "clean"
                },
                "EmergingThreats": {
                    "method": "blacklist",
                    "engine_name": "EmergingThreats",
                    "category": "harmless",
                    "result": "clean"
                },
                "Emsisoft": {
                    "method": "blacklist",
                    "engine_name": "Emsisoft",
                    "category": "harmless",
                    "result": "clean"
                },
                "Forcepoint ThreatSeeker": {
                    "method": "blacklist",
                    "engine_name": "Forcepoint ThreatSeeker",
                    "category": "undetected",
                    "result": "unrated"
                },
                "Fortinet": {
                    "method": "blacklist",
                    "engine_name": "Fortinet",
                    "category": "malicious",
                    "result": "malware"
                },
                "G-Data": {
                    "method": "blacklist",
                    "engine_name": "G-Data",
                    "category": "malicious",
                    "result": "phishing"
                },
                "GCP Abuse Intelligence": {
                    "method": "blacklist",
                    "engine_name": "GCP Abuse Intelligence",
                    "category": "undetected",
                    "result": "unrated"
                },
                "Google Safebrowsing": {
                    "method": "blacklist",
                    "engine_name": "Google Safebrowsing",
                    "category": "harmless",
                    "result": "clean"
                },
                "GreenSnow": {
                    "method": "blacklist",
                    "engine_name": "GreenSnow",
                    "category": "harmless",
                    "result": "clean"
                },
                "Gridinsoft": {
                    "method": "blacklist",
                    "engine_name": "Gridinsoft",
                    "category": "undetected",
                    "result": "unrated"
                },
                "Heimdal Security": {
                    "method": "blacklist",
                    "engine_name": "Heimdal Security",
                    "category": "harmless",
                    "result": "clean"
                },
                "Hunt.io Intelligence": {
                    "method": "blacklist",
                    "engine_name": "Hunt.io Intelligence",
                    "category": "undetected",
                    "result": "unrated"
                },
                "IPsum": {
                    "method": "blacklist",
                    "engine_name": "IPsum",
                    "category": "harmless",
                    "result": "clean"
                },
                "Juniper Networks": {
                    "method": "blacklist",
                    "engine_name": "Juniper Networks",
                    "category": "harmless",
                    "result": "clean"
                },
                "Kaspersky": {
                    "method": "blacklist",
                    "engine_name": "Kaspersky",
                    "category": "undetected",
                    "result": "unrated"
                },
                "Lionic": {
                    "method": "blacklist",
                    "engine_name": "Lionic",
                    "category": "malicious",
                    "result": "malicious"
                },
                "Lumu": {
                    "method": "blacklist",
                    "engine_name": "Lumu",
                    "category": "undetected",
                    "result": "unrated"
                },
                "MalwarePatrol": {
                    "method": "blacklist",
                    "engine_name": "MalwarePatrol",
                    "category": "harmless",
                    "result": "clean"
                },
                "MalwareURL": {
                    "method": "blacklist",
                    "engine_name": "MalwareURL",
                    "category": "undetected",
                    "result": "unrated"
                },
                "Malwared": {
                    "method": "blacklist",
                    "engine_name": "Malwared",
                    "category": "harmless",
                    "result": "clean"
                },
                "Netcraft": {
                    "method": "blacklist",
                    "engine_name": "Netcraft",
                    "category": "undetected",
                    "result": "unrated"
                },
                "OpenPhish": {
                    "method": "blacklist",
                    "engine_name": "OpenPhish",
                    "category": "harmless",
                    "result": "clean"
                },
                "Phishing Database": {
                    "method": "blacklist",
                    "engine_name": "Phishing Database",
                    "category": "harmless",
                    "result": "clean"
                },
                "PhishFort": {
                    "method": "blacklist",
                    "engine_name": "PhishFort",
                    "category": "undetected",
                    "result": "unrated"
                },
                "PhishLabs": {
                    "method": "blacklist",
                    "engine_name": "PhishLabs",
                    "category": "undetected",
                    "result": "unrated"
                },
                "Phishtank": {
                    "method": "blacklist",
                    "engine_name": "Phishtank",
                    "category": "harmless",
                    "result": "clean"
                },
                "PREBYTES": {
                    "method": "blacklist",
                    "engine_name": "PREBYTES",
                    "category": "harmless",
                    "result": "clean"
                },
                "PrecisionSec": {
                    "method": "blacklist",
                    "engine_name": "PrecisionSec",
                    "category": "undetected",
                    "result": "unrated"
                },
                "Quick Heal": {
                    "method": "blacklist",
                    "engine_name": "Quick Heal",
                    "category": "harmless",
                    "result": "clean"
                },
                "Quttera": {
                    "method": "blacklist",
                    "engine_name": "Quttera",
                    "category": "harmless",
                    "result": "clean"
                },
                "SafeToOpen": {
                    "method": "blacklist",
                    "engine_name": "SafeToOpen",
                    "category": "undetected",
                    "result": "unrated"
                },
                "Sansec eComscan": {
                    "method": "blacklist",
                    "engine_name": "Sansec eComscan",
                    "category": "undetected",
                    "result": "unrated"
                },
                "Scantitan": {
                    "method": "blacklist",
                    "engine_name": "Scantitan",
                    "category": "harmless",
                    "result": "clean"
                },
                "SCUMWARE.org": {
                    "method": "blacklist",
                    "engine_name": "SCUMWARE.org",
                    "category": "harmless",
                    "result": "clean"
                },
                "Seclookup": {
                    "method": "blacklist",
                    "engine_name": "Seclookup",
                    "category": "harmless",
                    "result": "clean"
                },
                "SecureBrain": {
                    "method": "blacklist",
                    "engine_name": "SecureBrain",
                    "category": "undetected",
                    "result": "unrated"
                },
                "Segasec": {
                    "method": "blacklist",
                    "engine_name": "Segasec",
                    "category": "undetected",
                    "result": "unrated"
                },
                "SOCRadar": {
                    "method": "blacklist",
                    "engine_name": "SOCRadar",
                    "category": "malicious",
                    "result": "malicious"
                },
                "Sophos": {
                    "method": "blacklist",
                    "engine_name": "Sophos",
                    "category": "harmless",
                    "result": "clean"
                },
                "Spam404": {
                    "method": "blacklist",
                    "engine_name": "Spam404",
                    "category": "harmless",
                    "result": "clean"
                },
                "StopForumSpam": {
                    "method": "blacklist",
                    "engine_name": "StopForumSpam",
                    "category": "harmless",
                    "result": "clean"
                },
                "Sucuri SiteCheck": {
                    "method": "blacklist",
                    "engine_name": "Sucuri SiteCheck",
                    "category": "harmless",
                    "result": "clean"
                },
                "ThreatHive": {
                    "method": "blacklist",
                    "engine_name": "ThreatHive",
                    "category": "harmless",
                    "result": "clean"
                },
                "Threatsourcing": {
                    "method": "blacklist",
                    "engine_name": "Threatsourcing",
                    "category": "harmless",
                    "result": "clean"
                },
                "Trustwave": {
                    "method": "blacklist",
                    "engine_name": "Trustwave",
                    "category": "harmless",
                    "result": "clean"
                },
                "Underworld": {
                    "method": "blacklist",
                    "engine_name": "Underworld",
                    "category": "undetected",
                    "result": "unrated"
                },
                "URLhaus": {
                    "method": "blacklist",
                    "engine_name": "URLhaus",
                    "category": "harmless",
                    "result": "clean"
                },
                "URLQuery": {
                    "method": "blacklist",
                    "engine_name": "URLQuery",
                    "category": "undetected",
                    "result": "unrated"
                },
                "Viettel Threat Intelligence": {
                    "method": "blacklist",
                    "engine_name": "Viettel Threat Intelligence",
                    "category": "harmless",
                    "result": "clean"
                },
                "VIPRE": {
                    "method": "blacklist",
                    "engine_name": "VIPRE",
                    "category": "undetected",
                    "result": "unrated"
                },
                "VX Vault": {
                    "method": "blacklist",
                    "engine_name": "VX Vault",
                    "category": "harmless",
                    "result": "clean"
                },
                "ViriBack": {
                    "method": "blacklist",
                    "engine_name": "ViriBack",
                    "category": "harmless",
                    "result": "clean"
                },
                "Webroot": {
                    "method": "blacklist",
                    "engine_name": "Webroot",
                    "category": "harmless",
                    "result": "clean"
                },
                "Yandex Safebrowsing": {
                    "method": "blacklist",
                    "engine_name": "Yandex Safebrowsing",
                    "category": "harmless",
                    "result": "clean"
                },
                "ZeroCERT": {
                    "method": "blacklist",
                    "engine_name": "ZeroCERT",
                    "category": "harmless",
                    "result": "clean"
                },
                "desenmascara.me": {
                    "method": "blacklist",
                    "engine_name": "desenmascara.me",
                    "category": "harmless",
                    "result": "clean"
                },
                "malwares.com URL checker": {
                    "method": "blacklist",
                    "engine_name": "malwares.com URL checker",
                    "category": "harmless",
                    "result": "clean"
                },
                "securolytics": {
                    "method": "blacklist",
                    "engine_name": "securolytics",
                    "category": "harmless",
                    "result": "clean"
                },
                "Xcitium Verdict Cloud": {
                    "method": "blacklist",
                    "engine_name": "Xcitium Verdict Cloud",
                    "category": "undetected",
                    "result": "unrated"
                },
                "zvelo": {
                    "method": "blacklist",
                    "engine_name": "zvelo",
                    "category": "undetected",
                    "result": "unrated"
                },
                "ZeroFox": {
                    "method": "blacklist",
                    "engine_name": "ZeroFox",
                    "category": "undetected",
                    "result": "unrated"
                }
            },
            "network": "94.232.40.0/22",
            "country": "RU",
            "reputation": -12,
            "total_votes": {
                "harmless": 0,
                "malicious": 2
            }
        }
    }
}